date,total_volume_usd,num_trades,total_pnl,win_rate,avg_pnl_per_trade,sentiment_value,sentiment_class
2023-05-01,477.0,3,0.0,0.0,0.0,63.0,Greed
2023-12-05,50005.83,9,0.0,0.0,0.0,75.0,Extreme Greed
2023-12-14,113203.35,11,-205.43473700000007,0.36363636363636365,-18.675885181818188,72.0,Greed
2023-12-15,10609.95,2,-24.632033999999997,0.0,-12.316016999999999,70.0,Greed
2023-12-16,15348.77,3,0.0,0.0,0.0,67.0,Greed
2023-12-17,116278.02,14,304.982785,0.5,21.78448464285714,73.0,Greed
2023-12-18,31164.179999999997,2,0.0,0.0,0.0,65.0,Greed
2023-12-19,91602.41,15,1000.5386120000001,0.6666666666666666,66.70257413333334,73.0,Greed
2023-12-20,141636.79,18,162.732282,0.4444444444444444,9.040682333333333,74.0,Greed
2023-12-21,125233.97,49,537.211402,0.5306122448979592,10.963498000000001,70.0,Greed
2023-12-22,88874.28,10,141.832675,0.2,14.1832675,74.0,Greed
2023-12-23,78438.25,13,146.936704,0.6153846153846154,11.302823384615383,70.0,Greed
2023-12-24,402954.94,39,1008.619956,0.38461538461538464,25.862050153846155,71.0,Greed
2023-12-25,59948.51,3,-245.081348,0.0,-81.69378266666666,73.0,Greed
2023-12-27,171411.06,28,-704.8892269999999,0.14285714285714285,-25.174615249999995,73.0,Greed
2023-12-28,100117.25,23,-970.730876,0.0,-42.20569026086957,73.0,Greed
2023-12-29,569559.72,50,508.92214299999995,0.3,10.178442859999999,65.0,Greed
2023-12-30,702550.21,52,354.998648,0.4423076923076923,6.826897076923077,68.0,Greed
2024-01-01,264239.52999999997,18,-129.53146,0.05555555555555555,-7.196192222222223,65.0,Greed
2024-01-02,121348.74,17,783.979116,0.47058823529411764,46.11641858823529,71.0,Greed
2024-01-03,394499.36,67,866.015507,0.417910447761194,12.925604582089552,70.0,Greed
2024-01-04,99792.54000000001,5,-67.60364,0.0,-13.520728,68.0,Greed
2024-01-05,1703942.66,66,164.141565,0.19696969696969696,2.486993409090909,72.0,Greed
2024-01-06,298521.4,22,135.58166400000002,0.45454545454545453,6.16280290909091,70.0,Greed
2024-01-07,1048850.06,97,-835.681235,0.09278350515463918,-8.615270463917525,71.0,Greed
2024-01-08,1522452.43,128,-269.874439,0.25,-2.1083940546875,71.0,Greed
2024-01-09,870051.97,70,-826.349863,0.2571428571428571,-11.804998042857143,76.0,Extreme Greed
2024-01-10,2057479.48,193,-1517.091342,0.21243523316062177,-7.860576901554404,73.0,Greed
2024-01-11,305314.1,21,-164.08950099999998,0.23809523809523808,-7.813785761904761,76.0,Extreme Greed
2024-01-12,200082.27,7,-1925.519024,0.0,-275.0741462857143,71.0,Greed
2024-01-15,50636.1,14,152.85358,0.6428571428571429,10.918112857142857,52.0,Neutral
2024-01-16,116427.33,9,-2299.171458,0.3333333333333333,-255.4634953333333,64.0,Greed
2024-01-17,800831.03,53,813.2741110000001,0.20754716981132076,15.344794547169812,60.0,Greed
2024-01-18,424631.52999999997,46,68.93319,0.06521739130434782,1.4985476086956522,63.0,Greed
2024-01-19,428428.97,48,-385.419235,0.125,-8.029567395833334,51.0,Neutral
2024-01-20,1070090.51,106,-146.57487000000003,0.14150943396226415,-1.3827817924528305,52.0,Neutral
2024-01-21,103129.74,11,266.58114600000005,0.2727272727272727,24.234649636363642,56.0,Greed
2024-01-22,337878.99,85,1375.640959,0.27058823529411763,16.18401128235294,55.0,Greed
2024-01-23,414518.93000000005,45,-369.2447299999998,0.24444444444444444,-8.20543844444444,50.0,Neutral
2024-01-24,965084.59,68,-2808.353815,0.14705882352941177,-41.29932080882353,48.0,Neutral
2024-01-25,66566.13,6,-3093.6293849999997,0.0,-515.6048975,52.0,Neutral
2024-01-26,11773.21,5,90.2,0.2,18.04,49.0,Neutral
2024-01-28,18109.03,11,-2478.06972,0.0,-225.27906545454545,54.0,Neutral
2024-01-29,414208.18,74,486.562542,0.6081081081081081,6.5751694864864865,55.0,Greed
2024-01-30,401011.38,49,-173.65419100000003,0.10204081632653061,-3.5439630816326537,61.0,Greed
2024-01-31,6305647.13,859,-799.840817,0.2689173457508731,-0.93113017112922,60.0,Greed
2024-02-01,2008.18,6,0.0,0.0,0.0,63.0,Greed
2024-02-02,474278.43,42,456.423473,0.30952380952380953,10.867225547619048,63.0,Greed
2024-02-03,603820.0,56,223.30918699999998,0.10714285714285714,3.9876640535714283,60.0,Greed
2024-02-04,203187.53,35,47.62389499999999,0.2571428571428571,1.360682714285714,60.0,Greed
2024-02-05,770198.26,72,-33.45419400000003,0.19444444444444445,-0.4646415833333337,60.0,Greed
2024-02-06,8047153.41,1088,-215.615907,0.1645220588235294,-0.19817638511029412,64.0,Greed
2024-02-07,6758.73,15,241.24212,0.13333333333333333,16.082808,62.0,Greed
2024-02-08,26051.12,10,770.756024,0.4,77.07560240000001,66.0,Greed
2024-02-11,212311.82,34,983.443176,0.20588235294117646,28.924799294117648,71.0,Greed
2024-02-12,227247.69999999998,16,913.8817869999998,0.375,57.11761168749999,70.0,Greed
2024-02-13,1999.99,14,559.44389,1.0,39.960277857142856,79.0,Extreme Greed
2024-02-14,320839.88,111,3830.599833,0.7477477477477478,34.509908405405405,74.0,Greed
2024-02-15,185188.04,63,1840.797677,0.9047619047619048,29.219010746031746,72.0,Greed
2024-02-16,564896.51,182,5491.768834,0.8021978021978022,30.174554032967034,72.0,Greed
2024-02-17,406118.07,94,1929.6418,0.648936170212766,20.52810425531915,76.0,Extreme Greed
2024-02-18,157048.17,97,477.6248299999999,0.6288659793814433,4.923967319587628,72.0,Greed
2024-02-19,286377.2,101,4317.768563,0.7623762376237624,42.750183792079206,75.0,Extreme Greed
2024-02-20,119419.72,39,3263.628824,0.7948717948717948,83.68279035897436,72.0,Greed
2024-02-21,108047.51999999999,22,1858.7985700000002,0.6818181818181818,84.49084409090909,78.0,Extreme Greed
2024-02-22,373033.87,88,3894.1050699999996,0.45454545454545453,44.25119397727272,74.0,Greed
2024-02-23,111106.14,143,1418.55293,0.958041958041958,9.91995055944056,76.0,Extreme Greed
2024-02-25,4480.13,5,-30.7705,0.0,-6.1541,74.0,Greed
2024-02-26,192187.14,39,4416.8473,0.8717948717948718,113.25249487179488,72.0,Greed
2024-02-27,209362.3,63,888.511733,0.4126984126984127,14.103360841269842,79.0,Extreme Greed
2024-02-28,171107.13,45,2503.747235,0.8666666666666667,55.63882744444444,82.0,Extreme Greed
2024-02-29,395666.73,116,9813.996992,0.8620689655172413,84.60342234482759,80.0,Extreme Greed
2024-03-01,472974.7,137,8244.241409,0.9343065693430657,60.176944591240876,80.0,Extreme Greed
2024-03-02,63197.56,31,230.90060000000005,0.6774193548387096,7.448406451612905,80.0,Extreme Greed
2024-03-03,390745.68,79,8361.086245,0.6835443037974683,105.83653474683545,83.0,Extreme Greed
2024-03-04,1577996.87,300,27799.775742,0.8866666666666667,92.66591914,82.0,Extreme Greed
2024-03-05,841810.32,180,19791.026041,0.9055555555555556,109.95014467222222,90.0,Extreme Greed
2024-03-06,327218.02,82,6814.825139,0.8780487804878049,83.10762364634145,75.0,Extreme Greed
2024-03-08,183583.18,67,4271.886236,0.8805970149253731,63.7594960597015,81.0,Extreme Greed
2024-03-09,658178.75,117,9949.501624,0.8290598290598291,85.03847541880343,84.0,Extreme Greed
2024-03-10,219973.85,42,2482.9272,0.6904761904761905,59.117314285714286,79.0,Extreme Greed
2024-03-11,176519.44999999998,42,3588.179495,0.9285714285714286,85.43284511904761,82.0,Extreme Greed
2024-03-12,103040.85,8,3039.166,0.875,379.89575,81.0,Extreme Greed
2024-03-13,6000.799999999999,7,0.0,0.0,0.0,81.0,Extreme Greed
2024-03-14,205933.18,18,3465.865832,0.8888888888888888,192.5481017777778,88.0,Extreme Greed
2024-03-15,351894.41,62,6236.513651,0.6612903225806451,100.58892985483871,83.0,Extreme Greed
2024-03-16,37223.66,8,228.57984,0.125,28.57248,81.0,Extreme Greed
2024-03-17,99506.95,23,503.293955,0.43478260869565216,21.882345869565217,79.0,Extreme Greed
2024-03-18,90458.08,19,1456.9577,0.3157894736842105,76.68198421052631,77.0,Extreme Greed
2024-03-19,219884.84,24,668.797973,0.20833333333333334,27.86658220833333,79.0,Extreme Greed
2024-03-20,215705.85,69,6423.134599,0.8695652173913043,93.08890723188406,74.0,Greed
2024-03-21,117895.57,28,2335.5080749999997,0.8214285714285714,83.41100267857142,78.0,Extreme Greed
2024-03-24,92592.20999999999,19,1297.018477,0.7894736842105263,68.26413036842105,74.0,Greed
2024-03-25,57116.32,7,1302.916428,0.8571428571428571,186.13091828571427,75.0,Extreme Greed
2024-03-26,198565.19,118,3215.906593,0.9322033898305084,27.253445703389833,81.0,Extreme Greed
2024-03-27,99864.79,38,150.41114,0.3157894736842105,3.9581878947368416,83.0,Extreme Greed
2024-03-28,35323.72,13,227.85100799999998,0.6923076923076923,17.527000615384615,80.0,Extreme Greed
2024-03-29,86914.37,15,883.097404,0.4,58.873160266666666,79.0,Extreme Greed
2024-03-30,101103.92,45,1100.57514,0.9777777777777777,24.45722533333333,75.0,Extreme Greed
2024-03-31,39912.96,13,912.786145,0.7692307692307693,70.21431884615384,75.0,Extreme Greed
2024-04-01,339470.47,77,2507.963406,0.5454545454545454,32.57095332467532,79.0,Extreme Greed
2024-04-02,239664.50999999998,41,883.760812,0.2926829268292683,21.555141756097562,79.0,Extreme Greed
2024-04-03,16887.57,4,126.7884,0.25,31.6971,71.0,Greed
2024-04-04,95987.73,32,0.0,0.0,0.0,70.0,Greed
2024-04-05,503791.8,100,10706.484306,0.9,107.06484306,79.0,Extreme Greed
2024-04-06,68223.67,16,236.33513399999998,0.25,14.770945874999999,75.0,Extreme Greed
2024-04-07,49988.14,23,0.0,0.0,0.0,78.0,Extreme Greed
2024-04-08,211940.64,30,1218.4267,0.03333333333333333,40.614223333333335,76.0,Extreme Greed
2024-04-09,57063.840000000004,3,0.0,0.0,0.0,80.0,Extreme Greed
2024-04-10,351735.97,41,5207.443414,0.8780487804878049,127.01081497560976,78.0,Extreme Greed
2024-04-11,76400.96,16,389.743164,0.125,24.35894775,76.0,Extreme Greed
2024-04-12,442088.59,129,-592.6458390000001,0.5503875968992248,-4.594153790697676,79.0,Extreme Greed
2024-04-13,486411.25,89,6621.451755,0.6853932584269663,74.3983343258427,72.0,Greed
2024-04-14,659162.17,107,-36104.012520000004,0.308411214953271,-337.4206777570094,72.0,Greed
2024-04-15,291111.19,41,3774.08872,0.8536585365853658,92.05094439024391,74.0,Greed
2024-04-16,181907.17,47,2467.702221,0.9148936170212766,52.504302574468085,65.0,Greed
2024-04-17,97562.99,14,2441.4683999999997,0.9285714285714286,174.39059999999998,67.0,Greed
2024-04-19,337257.92000000004,35,1946.4454620000001,0.7714285714285715,55.61272748571429,66.0,Greed
2024-04-20,60733.24,22,0.0,0.0,0.0,66.0,Greed
2024-04-22,47993.61,9,0.0,0.0,0.0,73.0,Greed
2024-04-23,233054.9,66,1119.536196,0.5303030303030303,16.962669636363636,71.0,Greed
2024-04-24,141275.24,20,279.185907,0.3,13.95929535,72.0,Greed
2024-04-25,120241.01,74,0.0,0.0,0.0,72.0,Greed
2024-04-26,4988.290000000001,3,0.0,0.0,0.0,70.0,Greed
2024-04-27,154264.47,27,4281.488139,0.7037037037037037,158.57363477777778,67.0,Greed
2024-04-28,43985.6,58,0.0,0.0,0.0,65.0,Greed
2024-04-29,108699.01,45,526.9338359999999,0.37777777777777777,11.709640799999999,67.0,Greed
2024-04-30,125018.75,24,0.0,0.0,0.0,67.0,Greed
2024-05-01,87025.45,14,0.0,0.0,0.0,54.0,Neutral
2024-05-03,282682.64999999997,36,5306.017045,0.4722222222222222,147.3893623611111,48.0,Neutral
2024-05-04,58998.75,9,0.0,0.0,0.0,67.0,Greed
2024-05-05,24068.350000000002,6,0.916,0.16666666666666666,0.15266666666666667,69.0,Greed
2024-05-06,206016.43,9,968.59038,0.4444444444444444,107.62115333333333,71.0,Greed
2024-05-07,108717.58,18,883.537693,0.5,49.08542738888889,68.0,Greed
2024-05-08,65973.57,13,1.56576,0.07692307692307693,0.12044307692307693,64.0,Greed
2024-05-09,221966.12,28,1147.595856,0.39285714285714285,40.985566285714285,55.0,Greed
2024-05-10,156882.0,22,2101.741695,0.2727272727272727,95.53371340909092,66.0,Greed
2024-05-11,63248.95,9,251.604742,1.0,27.956082444444444,53.0,Neutral
2024-05-12,55179.56,23,0.0,0.0,0.0,56.0,Greed
2024-05-13,193118.9,28,2136.853859,0.35714285714285715,76.31620925,57.0,Greed
2024-05-14,145853.4,23,1150.5233050000002,0.17391304347826086,50.02275239130436,66.0,Greed
2024-05-15,234922.57,36,948.970582,0.4722222222222222,26.360293944444447,64.0,Greed
2024-05-16,162620.96,27,214.5898,0.18518518518518517,7.94777037037037,70.0,Greed
2024-05-18,126303.14,25,3522.3946610000003,0.64,140.89578644000002,73.0,Greed
2024-05-19,29998.09,8,0.0,0.0,0.0,72.0,Greed
2024-05-20,38124.75,10,-74.818442,0.0,-7.4818442,70.0,Greed
2024-05-21,1100948.59,125,7289.397571999999,0.112,58.31518057599999,76.0,Extreme Greed
2024-05-22,44995.29,6,0.0,0.0,0.0,76.0,Extreme Greed
2024-05-23,401850.6,325,413.347329,0.4461538461538462,1.2718379353846154,76.0,Extreme Greed
2024-05-24,50811.899999999994,2,821.949278,1.0,410.974639,74.0,Greed
2024-05-25,29991.129999999997,16,14.126038999999999,0.3125,0.8828774374999999,76.0,Extreme Greed
2024-05-26,53976.67,16,778.6839,0.25,48.66774375,75.0,Extreme Greed
2024-05-27,151115.72,251,1129.35587,0.35856573705179284,4.499425776892431,74.0,Greed
2024-05-29,84268.76,164,277.791953,0.4146341463414634,1.6938533719512194,72.0,Greed
2024-05-30,2838.09,7,20.951433,0.7142857142857143,2.9930618571428576,73.0,Greed
2024-05-31,3636.14,13,25.35812,0.3076923076923077,1.9506246153846154,73.0,Greed
2024-06-01,12834.62,25,91.510419,0.36,3.66041676,72.0,Greed
2024-06-02,29464.51,93,192.906947,0.3655913978494624,2.074268247311828,73.0,Greed
2024-06-03,21466.86,70,562.808208,0.6285714285714286,8.040117257142859,73.0,Greed
2024-06-04,24243.41,53,52.211438,0.4716981132075472,0.9851214716981133,73.0,Greed
2024-06-05,25350.77,54,56.055506,0.2962962962962963,1.038064925925926,75.0,Extreme Greed
2024-06-06,137557.76,234,274.173187,0.42735042735042733,1.1716802863247862,78.0,Extreme Greed
2024-06-07,1098588.76,440,8902.467416,0.4,20.23288049090909,77.0,Extreme Greed
2024-06-08,97351.88,29,129.13883900000002,0.27586206896551724,4.453063413793104,72.0,Greed
2024-06-09,22410.22,17,0.0,0.0,0.0,75.0,Extreme Greed
2024-06-10,46587.93,53,31.266804999999998,0.33962264150943394,0.589939716981132,72.0,Greed
2024-06-11,373279.92,123,4320.631811,0.13821138211382114,35.12708789430894,74.0,Greed
2024-06-12,193407.96,254,-21886.531493,0.08267716535433071,-86.16744682283463,72.0,Greed
2024-06-13,132577.22,79,6632.757115,0.24050632911392406,83.95895082278481,70.0,Greed
2024-06-14,139868.66,31,10258.592609,0.4838709677419355,330.9223422258064,74.0,Greed
2024-06-15,718350.25,78,3369.958346,0.48717948717948717,43.20459417948718,74.0,Greed
2024-06-16,25235.079999999998,11,0.0,0.0,0.0,71.0,Greed
2024-06-17,368380.12,38,10599.502375,0.6578947368421053,278.9342730263158,71.0,Greed
2024-06-18,263314.79,25,282.57636,0.16,11.3030544,74.0,Greed
2024-06-19,417071.12,61,4887.656944,0.5081967213114754,80.12552367213115,64.0,Greed
2024-06-20,207990.8,39,57478.456026,0.20512820512820512,1473.8065647692308,60.0,Greed
2024-06-21,176264.49,80,773.5582039999999,0.0375,9.66947755,63.0,Greed
2024-06-22,169594.27000000002,24,756.876565,0.3333333333333333,31.536523541666668,53.0,Neutral
2024-06-23,1792.12,5,0.0,0.0,0.0,55.0,Greed
2024-06-24,403002.8,31,0.0,0.0,0.0,51.0,Neutral
2024-06-25,103099.08,49,4869.353105,0.22448979591836735,99.3745531632653,30.0,Fear
2024-06-26,365190.66000000003,72,4197.732182,0.2916666666666667,58.30183586111111,46.0,Neutral
2024-06-27,130486.95,30,0.0,0.0,0.0,40.0,Fear
2024-06-29,280095.11,75,6150.326145,0.32,82.0043486,30.0,Fear
2024-06-30,30520.69,14,0.0,0.0,0.0,47.0,Neutral
2024-07-01,362670.14999999997,64,5065.839308,0.40625,79.1537391875,53.0,Neutral
2024-07-02,33347.47,18,2421.253116,0.7222222222222222,134.514062,51.0,Neutral
2024-07-03,179600.66,18,1118.387284,0.2222222222222222,62.132626888888886,50.0,Neutral
2024-07-04,430568.01,25,0.0,0.0,0.0,44.0,Fear
2024-07-05,272289.89,32,0.0,0.0,0.0,29.0,Fear
2024-07-06,2490.17,24,108.87217799999999,0.2916666666666667,4.53634075,26.0,Fear
2024-07-07,498.75,10,61.428942,1.0,6.1428942,29.0,Fear
2024-07-08,497.64,1,0.0,0.0,0.0,28.0,Fear
2024-07-09,2736.45,15,648.984412,1.0,43.265627466666665,27.0,Fear
2024-07-10,687900.21,56,11977.734907,0.6785714285714286,213.88812333928573,28.0,Fear
2024-07-11,169887.02,19,1876.812082,0.47368421052631576,98.77958326315789,29.0,Fear
2024-07-12,89582.97,19,1412.314654,0.47368421052631576,74.33235021052631,25.0,Fear
2024-07-13,139189.19,17,2913.617837,1.0,171.38928452941175,25.0,Fear
2024-07-14,84001.13,7,0.0,0.0,0.0,33.0,Fear
2024-07-15,198344.85,26,-1.0,0.0,-0.038461538461538464,52.0,Neutral
2024-07-16,144000.57,22,0.0,0.0,0.0,65.0,Greed
2024-07-17,626005.53,351,1859.269477,0.4131054131054131,5.297064037037037,69.0,Greed
2024-07-18,649704.85,60,3803.884311,0.8,63.398071849999994,61.0,Greed
2024-07-19,150269.42,23,2155.891114,0.5217391304347826,93.73439626086956,60.0,Greed
2024-07-20,244362.21,266,2299.169566,0.12406015037593984,8.643494609022557,74.0,Greed
2024-07-21,234307.46,448,-2960.716887,0.046875,-6.608743051339286,74.0,Greed
2024-07-22,304213.8,154,1517.119876,0.14285714285714285,9.851427766233765,70.0,Greed
2024-07-23,358526.54,370,89890.302206,0.8891891891891892,242.9467627189189,71.0,Greed
2024-07-24,69207.93,90,625.561479,0.2,6.9506831,69.0,Greed
2024-07-25,528555.31,78,916.7382600000001,0.1282051282051282,11.753054615384617,68.0,Greed
2024-07-26,548587.65,152,2766.513113,0.40131578947368424,18.200744164473683,68.0,Greed
2024-07-27,905199.75,57,6400.623656,0.7368421052631579,112.2916430877193,72.0,Greed
2024-07-28,43254.68,16,587.29903,0.75,36.706189375,71.0,Greed
2024-07-29,327199.14,39,330.80445399999996,0.41025641025641024,8.482165487179486,74.0,Greed
2024-07-30,36006.47,6,0.0,0.0,0.0,67.0,Greed
2024-07-31,84506.54,43,765.690884,0.32558139534883723,17.806764744186047,61.0,Greed
2024-08-01,227774.53,57,167.080017,0.07017543859649122,2.9312283684210527,52.0,Neutral
2024-08-02,396320.37,63,782.3681909999999,0.2698412698412698,12.418542714285714,57.0,Greed
2024-08-03,290532.86,37,464.1897,0.02702702702702703,12.545667567567568,37.0,Fear
2024-08-04,1207744.07,127,-122672.000883,0.023622047244094488,-965.9212667952756,34.0,Fear
2024-08-05,420495.4,80,-13013.665169,0.4125,-162.6708146125,26.0,Fear
2024-08-06,61478.38,107,267.318048,0.12149532710280374,2.4982995140186914,17.0,Extreme Fear
2024-08-07,2492.77,33,188.789255,0.30303030303030304,5.720886515151515,29.0,Fear
2024-08-08,16299.35,9,-40.712216999999995,0.0,-4.5235796666666666,20.0,Extreme Fear
2024-08-09,503204.86,144,18082.071276,0.2986111111111111,125.56993941666666,48.0,Neutral
2024-08-10,11339.29,88,0.0,0.0,0.0,40.0,Fear
2024-08-11,44230.21,24,847.7766200000001,0.16666666666666666,35.32402583333334,39.0,Fear
2024-08-12,54167.32,48,858.6705000000001,0.125,17.88896875,25.0,Fear
2024-08-13,20797.87,23,212.08102,0.34782608695652173,9.220913913043479,31.0,Fear
2024-08-14,66710.03,25,2168.9015130000003,0.2,86.75606052,30.0,Fear
2024-08-15,1522.3700000000001,12,0.0,0.0,0.0,29.0,Fear
2024-08-16,166382.84,35,825.230544,0.08571428571428572,23.578015542857145,27.0,Fear
2024-08-17,30248.96,30,-288.283113,0.0,-9.609437100000001,25.0,Fear
2024-08-18,62804.48,15,307.201888,0.8,20.480125866666665,31.0,Fear
2024-08-19,100315.03,8,339.69958299999996,0.625,42.462447874999995,28.0,Fear
2024-08-20,49914.8,12,192.602844,0.08333333333333333,16.050237,30.0,Fear
2024-08-21,104990.41,145,656.200925,0.3724137931034483,4.525523620689655,26.0,Fear
2024-08-23,63509.56,10,1005.30527,0.3,100.53052699999999,34.0,Fear
2024-08-24,34999.67,7,0.0,0.0,0.0,56.0,Greed
2024-08-25,21950.28,17,0.0,0.0,0.0,54.0,Neutral
2024-08-26,92611.27,6,231.236918,0.3333333333333333,38.539486333333336,55.0,Greed
2024-08-27,70250.16,50,0.0,0.0,0.0,48.0,Neutral
2024-08-28,71160.06999999999,9,1333.359645,0.2222222222222222,148.15107166666667,30.0,Fear
2024-08-29,9995.85,1,0.0,0.0,0.0,29.0,Fear
2024-08-30,37233.24,6,256.464,0.16666666666666666,42.744,34.0,Fear
2024-08-31,107507.43000000001,34,10.882801,0.35294117647058826,0.3200823823529412,29.0,Fear
2024-09-01,12359.68,12,137.433093,0.4166666666666667,11.452757750000002,26.0,Fear
2024-09-02,30000.42,2,0.0,0.0,0.0,26.0,Fear
2024-09-04,131480.97,34,1065.785132,0.14705882352941177,31.346621529411763,27.0,Fear
2024-09-05,0.84,1,0.0,0.0,0.0,29.0,Fear
2024-09-06,39047.1,42,-1104.856765,0.0,-26.306113452380952,22.0,Extreme Fear
2024-09-08,0.11,1,0.0,0.0,0.0,29.0,Fear
2024-09-09,4014.4300000000003,2,0.0,0.0,0.0,26.0,Fear
2024-09-10,2547.28,3,-219.729659,0.0,-73.24321966666666,33.0,Fear
2024-09-11,0.54,1,0.0,0.0,0.0,37.0,Fear
2024-09-14,1014.8000000000001,11,0.0,0.0,0.0,50.0,Neutral
2024-09-18,13633.5,145,-878.684794,0.0,-6.059895131034483,45.0,Neutral
2024-09-19,1521.8700000000001,19,0.0,0.0,0.0,49.0,Neutral
2024-09-20,332873.38,16,9585.03428,0.5,599.0646425,54.0,Neutral
2024-09-21,165648.12,23,36165.56933,1.0,1572.416057826087,54.0,Neutral
2024-09-22,19999.739999999998,3,0.0,0.0,0.0,52.0,Neutral
2024-09-23,40334.29,2,334.760796,0.5,167.380398,50.0,Neutral
2024-09-24,7118.63,10,0.0,0.0,0.0,54.0,Neutral
2024-09-25,52754.130000000005,9,0.0,0.0,0.0,59.0,Greed
2024-09-26,113711.93000000001,8,439.812513,0.25,54.976564125,50.0,Neutral
2024-09-27,126097.04,56,0.0,0.0,0.0,61.0,Greed
2024-09-28,29199.21,4,0.0,0.0,0.0,64.0,Greed
2024-09-30,214669.85,106,2710.626288,0.04716981132075472,25.571946113207545,61.0,Greed
2024-10-01,139954.32,4,0.0,0.0,0.0,50.0,Neutral
2024-10-02,99954.34,4,0.0,0.0,0.0,42.0,Fear
2024-10-03,132935.69,9,100.375782,0.3333333333333333,11.152864666666666,37.0,Fear
2024-10-04,0.34,1,0.0,0.0,0.0,41.0,Fear
2024-10-05,605605.74,37,5767.161892,0.6486486486486487,155.86924032432432,49.0,Neutral
2024-10-06,300130.56,22,130.487079,0.22727272727272727,5.9312308636363635,50.0,Neutral
2024-10-07,219984.65,21,0.0,0.0,0.0,50.0,Neutral
2024-10-08,434584.13,36,5396.546638,0.9166666666666666,149.90407327777777,49.0,Neutral
2024-10-09,220399.93,14,396.06272,0.21428571428571427,28.290194285714286,49.0,Neutral
2024-10-10,300024.33999999997,16,0.0,0.0,0.0,39.0,Fear
2024-10-11,488904.19,26,8885.327477,0.6923076923076923,341.74336450000004,32.0,Fear
2024-10-12,159713.4,10,541.55471,0.7,54.155471,49.0,Neutral
2024-10-13,60002.42,10,0.0,0.0,0.0,50.0,Neutral
2024-10-14,61916.020000000004,5,1913.61958,1.0,382.72391600000003,48.0,Neutral
2024-10-15,81173.36,7,1170.2260760000001,0.5714285714285714,167.17515371428573,65.0,Greed
2024-10-16,80229.17,11,219.480876,0.2727272727272727,19.95280690909091,73.0,Greed
2024-10-17,140531.75,9,36.11496,0.1111111111111111,4.0127733333333335,71.0,Greed
2024-10-18,120331.43000000001,6,333.219141,0.8333333333333334,55.536523499999994,73.0,Greed
2024-10-19,99996.86,4,0.0,0.0,0.0,72.0,Greed
2024-10-20,176447.86000000002,96,389.155797,0.11458333333333333,4.05370621875,73.0,Greed
2024-10-21,324117.99,173,2464.915564,0.3930635838150289,14.248066843930635,72.0,Greed
2024-10-22,60000.36,3,0.0,0.0,0.0,70.0,Greed
2024-10-23,210006.07,18,-46.489941,0.0,-2.5827745,71.0,Greed
2024-10-25,427883.18,30,13235.862071,0.7,441.19540236666666,72.0,Greed
2024-10-26,88668.86,6,42471.99413,1.0,7078.6656883333335,,
2024-10-27,90664.41,4,666.6623079999999,0.75,166.66557699999998,74.0,Greed
2024-10-28,121495.25,13,167.28016200000002,0.3076923076923077,12.867704769230771,72.0,Greed
2024-10-29,613267.8099999999,53,801.170876,0.05660377358490566,15.11643162264151,72.0,Greed
2024-10-30,11830.85,25,9.150023,0.28,0.36600091999999995,77.0,Extreme Greed
2024-10-31,896173.36,48,1214.043811,0.7083333333333334,25.292579395833332,77.0,Extreme Greed
2024-11-01,260981.03,23,1040.475736,0.2608695652173913,45.238075478260875,75.0,Extreme Greed
2024-11-02,40000.0,2,0.0,0.0,0.0,72.0,Greed
2024-11-03,129055.66,6,0.0,0.0,0.0,74.0,Greed
2024-11-04,451811.97,36,2799.410474,0.6388888888888888,77.76140205555555,70.0,Greed
2024-11-05,200627.23,10,678.4759280000001,0.5,67.8475928,70.0,Greed
2024-11-06,123906.9,15,2817.83723,0.4666666666666667,187.85581533333334,70.0,Greed
2024-11-07,111335.3,113,4493.353136,0.5309734513274337,39.764187044247784,77.0,Extreme Greed
2024-11-08,270700.44,39,-64.41354100000007,0.15384615384615385,-1.6516292564102582,75.0,Extreme Greed
2024-11-09,193384.41,86,102.90894,0.22093023255813954,1.196615581395349,75.0,Extreme Greed
2024-11-10,413636.7,173,991.114334,0.2947976878612717,5.728984589595376,78.0,Extreme Greed
2024-11-11,1570572.42,373,6749.630996,0.24664879356568364,18.09552545844504,76.0,Extreme Greed
2024-11-12,1226354.52,171,3494.399394,0.19883040935672514,20.435084175438597,80.0,Extreme Greed
2024-11-13,515336.37,48,7846.402274,0.5625,163.46671404166668,84.0,Extreme Greed
2024-11-14,1008361.81,110,4563.509225,0.2545454545454545,41.4864475,88.0,Extreme Greed
2024-11-15,1427858.42,149,4140.740438,0.3691275167785235,27.790204281879195,80.0,Extreme Greed
2024-11-16,303296.07,157,2769.521909,0.3057324840764331,17.640266936305732,86.0,Extreme Greed
2024-11-17,1215987.57,209,882.975285,0.23444976076555024,4.224762129186603,90.0,Extreme Greed
2024-11-18,2084339.58,346,4470.815187,0.3583815028901734,12.921431176300578,83.0,Extreme Greed
2024-11-19,628031.15,305,2958.268991,0.4918032786885246,9.699242593442623,90.0,Extreme Greed
2024-11-20,1999514.1199999999,550,4210.0928969999995,0.3981818181818182,7.654714358181818,83.0,Extreme Greed
2024-11-21,598300.62,535,1692.430891,0.308411214953271,3.1634222261682243,82.0,Extreme Greed
2024-11-22,1646713.62,679,-18105.345617,0.3078055964653903,-26.664721085419732,94.0,Extreme Greed
2024-11-23,516245.68,363,2901.531638,0.3526170798898072,7.993200104683195,93.0,Extreme Greed
2024-11-24,664952.28,172,945.550386,0.26744186046511625,5.497385965116279,80.0,Extreme Greed
2024-11-25,937410.87,255,5523.740734,0.4117647058823529,21.66172836862745,82.0,Extreme Greed
2024-11-26,1146902.44,302,1094.809359,0.2913907284768212,3.6251965529801327,79.0,Extreme Greed
2024-11-27,1444242.53,213,-2654.495633,0.3474178403755869,-12.462420812206572,75.0,Extreme Greed
2024-11-28,1894225.15,332,-127075.39958499999,0.32831325301204817,-382.75722766566264,77.0,Extreme Greed
2024-11-29,794262.91,393,176844.994152,0.48854961832061067,449.98726247328244,78.0,Extreme Greed
2024-11-30,1732193.7,373,37316.69352,0.42091152815013405,100.04475474530831,84.0,Extreme Greed
2024-12-01,814711.82,416,40886.364494,0.53125,98.28453003365385,81.0,Extreme Greed
2024-12-02,585243.56,270,18489.604313,0.4074074074074074,68.48001597407408,80.0,Extreme Greed
2024-12-03,1084666.53,374,23576.539285,0.4304812834224599,63.03887509358289,76.0,Extreme Greed
2024-12-04,769287.65,319,292891.815021,0.46394984326018807,918.1561599404388,78.0,Extreme Greed
2024-12-05,1256750.79,456,71574.11848800001,0.4232456140350877,156.96078615789474,84.0,Extreme Greed
2024-12-06,3471019.22,403,-92624.643895,0.23325062034739455,-229.83782604218362,72.0,Greed
2024-12-07,451733.42,304,85906.279067,0.4309210526315789,282.5864442993421,75.0,Extreme Greed
2024-12-08,932939.72,420,15965.933436,0.3619047619047619,38.014127228571425,79.0,Extreme Greed
2024-12-09,983949.68,539,6310.967676,0.31910946196660483,11.708659881261596,78.0,Extreme Greed
2024-12-10,3150424.08,1596,39325.770231,0.5870927318295739,24.640206911654136,78.0,Extreme Greed
2024-12-11,2194098.33,1221,319051.554217,0.7125307125307125,261.30348420720725,74.0,Greed
2024-12-12,4557189.87,1932,599151.795008,0.6997929606625258,310.1199767122153,83.0,Extreme Greed
2024-12-13,2880824.64,1173,31935.901745,0.40153452685422,27.22583268968457,76.0,Extreme Greed
2024-12-14,2369561.78,1235,167801.399244,0.47368421052631576,135.87157833522267,83.0,Extreme Greed
2024-12-15,2583269.81,1697,97525.315279,0.24572775486152032,57.4692488385386,80.0,Extreme Greed
2024-12-16,2740808.97,1055,166774.344133,0.5071090047393365,158.07994704549765,83.0,Extreme Greed
2024-12-17,5233597.63,1941,219591.305172,0.4363730036063885,113.13307839876352,87.0,Extreme Greed
2024-12-18,3798887.07,1429,13682.994673,0.36599020293911827,9.575223703988803,81.0,Extreme Greed
2024-12-19,8241709.39,3339,62744.004486000005,0.6148547469302186,18.79125621024259,75.0,Extreme Greed
2024-12-20,7681274.71,2488,254969.660039,0.5558681672025724,102.47976689670418,74.0,Greed
2024-12-21,4382875.12,1681,150022.163157,0.5496728138013087,89.24578415050566,73.0,Greed
2024-12-22,3087320.22,774,352197.163973,0.4354005167958656,455.03509557235145,73.0,Greed
2024-12-23,6771878.26,2347,-29430.626577,0.2901576480613549,-12.53967898466127,70.0,Greed
2024-12-24,1767036.11,338,14813.780116,0.33727810650887574,43.827751822485205,73.0,Greed
2024-12-25,347889.35,208,756.6570469999998,0.30288461538461536,3.637774264423076,73.0,Greed
2024-12-26,2205242.65,697,60228.639722,0.5136298421807748,86.41124780774749,79.0,Extreme Greed
2024-12-27,347913.0,260,2672.811035,0.4230769230769231,10.280042442307693,74.0,Greed
2024-12-28,281555.01,161,940.673623,0.22981366459627328,5.842693310559007,72.0,Greed
2024-12-29,344628.54,201,2884.067927,0.31840796019900497,14.348596651741294,73.0,Greed
2024-12-30,1073865.73,304,9009.738137,0.39473684210526316,29.637296503289473,65.0,Greed
2024-12-31,877164.62,306,5445.01281,0.3006535947712418,17.794159509803922,64.0,Greed
2025-01-01,282582.1,96,-9528.065345,0.3020833333333333,-99.25068067708334,66.0,Greed
2025-01-02,774674.84,361,8716.519087,0.45706371191135736,24.145482235457067,70.0,Greed
2025-01-03,771208.99,508,6028.486793,0.27165354330708663,11.867099986220472,74.0,Greed
2025-01-04,1826029.6199999999,371,2553.537968,0.20215633423180593,6.882851665768194,73.0,Greed
2025-01-05,451943.57,239,3187.719363,0.41841004184100417,13.337737920502093,72.0,Greed
2025-01-06,556526.99,573,6064.185393,0.15532286212914484,10.583220581151831,76.0,Extreme Greed
2025-01-07,1313178.1,637,16098.227531,0.7613814756671899,25.271942748822607,78.0,Extreme Greed
2025-01-08,3177275.18,1039,130117.090554,0.37151106833493747,125.23300342059672,70.0,Greed
2025-01-09,1020733.25,522,46975.928902,0.2777777777777778,89.99220096168582,69.0,Greed
2025-01-10,6547449.68,819,-10116.875552,0.5274725274725275,-12.352717401709402,50.0,Neutral
2025-01-11,1658098.71,283,2269.080536,0.24381625441696114,8.017952424028268,69.0,Greed
2025-01-12,2258459.17,602,5742.241803,0.7840531561461794,9.538607646179402,62.0,Greed
2025-01-13,2936648.0100000002,408,9655.429352,0.3872549019607843,23.66526801960784,61.0,Greed
2025-01-14,876581.97,275,16069.512355,0.49818181818181817,58.43459038181818,63.0,Greed
2025-01-15,1801599.8900000001,267,14819.5883,0.4606741573033708,55.50407602996255,70.0,Greed
2025-01-16,3049692.96,371,20807.709328,0.3423180592991914,56.08546988679245,75.0,Extreme Greed
2025-01-17,1110230.46,238,7006.415608,0.5294117647058824,29.43872104201681,75.0,Extreme Greed
2025-01-18,2711629.88,651,443.2330819999997,0.38095238095238093,0.6808495883256523,77.0,Extreme Greed
2025-01-19,9715215.3,1567,87923.799302,0.20229738353541799,56.10963580216975,77.0,Extreme Greed
2025-01-20,8287327.01,1315,87277.239173,0.5224334600760456,66.37052408593155,76.0,Extreme Greed
2025-01-21,1523729.82,530,11077.839421,0.3867924528301887,20.901583813207548,76.0,Extreme Greed
2025-01-22,1778406.43,832,20524.408057,0.28125,24.66875968389423,84.0,Extreme Greed
2025-01-23,3697028.66,1218,101256.24216,0.6609195402298851,83.13320374384236,75.0,Extreme Greed
2025-01-24,1611433.45,874,10602.779738,0.5583524027459954,12.131326931350113,75.0,Extreme Greed
2025-01-25,1239377.7,506,-10348.016255999999,0.27865612648221344,-20.450625011857706,75.0,Extreme Greed
2025-01-26,1201173.66,451,40823.466668,0.43458980044345896,90.51766445232816,73.0,Greed
2025-01-27,1508028.31,773,41331.765392,0.4760672703751617,53.469295461837,71.0,Greed
2025-01-28,579412.17,498,17979.613973,0.6285140562248996,36.103642516064255,72.0,Greed
2025-01-29,1897513.41,910,23421.01147,0.4164835164835165,25.737375241758244,72.0,Greed
2025-01-30,3014397.17,1067,23097.471385,0.3467666354264292,21.64711470009372,70.0,Greed
2025-01-31,2783411.48,1016,35868.296773,0.5413385826771654,35.303441705708664,76.0,Extreme Greed
2025-02-01,1363746.44,634,32300.205017,0.5962145110410094,50.946695610410096,68.0,Greed
2025-02-02,5661092.29,1319,162854.759623,0.35860500379075055,123.46835452843062,60.0,Greed
2025-02-03,22592901.37,2380,348871.326269,0.4634453781512605,146.58459086932774,44.0,Fear
2025-02-04,15678409.27,2512,416876.88812,0.276671974522293,165.9541752070064,72.0,Greed
2025-02-05,8743231.51,1297,56706.235562,0.3215111796453354,43.721075992289904,54.0,Neutral
2025-02-06,2818508.87,1703,33803.799733,0.46095126247798,19.84955944392249,49.0,Neutral
2025-02-07,3460263.54,1524,22450.002091,0.2821522309711286,14.730972500656167,44.0,Fear
2025-02-08,839734.97,575,586.703253,0.19130434782608696,1.0203534834782608,44.0,Fear
2025-02-09,2920919.7,764,150551.829492,0.4306282722513089,197.05736844502616,46.0,Neutral
2025-02-10,3624958.44,889,63908.49465,0.4780652418447694,71.88807047244094,43.0,Fear
2025-02-11,2797544.17,848,-6093.784817,0.21816037735849056,-7.186067001179245,47.0,Neutral
2025-02-12,4143974.54,1031,19848.635032,0.4626576139670223,19.251828353055284,46.0,Neutral
2025-02-13,3199852.21,1370,27829.534238,0.4678832116788321,20.313528640875912,50.0,Neutral
2025-02-14,4007103.42,1655,213860.675308,0.42900302114803623,129.22095184773414,48.0,Neutral
2025-02-15,1712852.95,932,45042.92701,0.4302575107296137,48.32932082618026,50.0,Neutral
2025-02-16,806177.64,681,2369.478425,0.44052863436123346,3.4794103157121876,54.0,Neutral
2025-02-17,2031044.64,941,1818.573295,0.22422954303931988,1.9325964877789585,51.0,Neutral
2025-02-18,3371128.68,1676,91204.672403,0.5119331742243437,54.418062292959426,47.0,Neutral
2025-02-19,3263930.24,1361,14985.794701,0.4276267450404115,11.010870463629685,44.0,Fear
2025-02-20,4628609.29,2012,46008.794102,0.47912524850894633,22.867193887673956,49.0,Neutral
2025-02-21,3972159.88,1873,119693.49395,0.5221569674319274,63.904695114789114,55.0,Greed
2025-02-22,3175570.2,686,25278.704178,0.4970845481049563,36.849423,49.0,Neutral
2025-02-23,1141310.74,520,10656.934251,0.45,20.494104328846156,50.0,Neutral
2025-02-24,11223619.59,5616,38470.176242,0.39672364672364674,6.850102607193732,49.0,Neutral
2025-02-25,19414984.36,6246,204762.177034,0.260646813960935,32.782929400256165,25.0,Fear
2025-02-26,4946958.13,1176,63229.063129,0.6709183673469388,53.76621014370748,21.0,Extreme Fear
2025-02-27,1999898.43,890,-36525.167517,0.27752808988764044,-41.039514064044944,10.0,Extreme Fear
2025-02-28,4123660.77,1019,225628.108748,0.3886162904808636,221.4211077016683,16.0,Extreme Fear
2025-03-01,263824.13,174,10596.108968,0.4482758620689655,60.897177977011495,20.0,Extreme Fear
2025-03-02,6460848.74,532,66914.320708,0.5018796992481203,125.77879832330827,26.0,Fear
2025-03-03,8244590.38,1482,616413.032233,0.6153846153846154,415.9332201302294,33.0,Fear
2025-03-04,11124247.15,2402,182075.566585,0.25353871773522063,75.80165136761032,15.0,Extreme Fear
2025-03-05,9193654.22,1660,269328.365917,0.7584337349397591,162.24600356445782,20.0,Extreme Fear
2025-03-06,6765324.96,760,16101.125561,0.48026315789473684,21.18569152763158,25.0,Fear
2025-03-07,19854275.48,2552,150236.061627,0.5223354231974922,58.86993010462382,34.0,Fear
2025-03-08,892083.51,529,24700.773359,0.5689981096408318,46.69333338185255,28.0,Fear
2025-03-09,10419697.99,1422,19773.457395,0.4409282700421941,13.905384947257385,27.0,Fear
2025-03-10,16811790.68,2911,-10010.027269999999,0.39745791824115423,-3.438690233596702,20.0,Extreme Fear
2025-03-11,14016952.09,3286,-76880.729036,0.18746195982958003,-23.3964482763238,24.0,Extreme Fear
2025-03-12,18618139.15,3968,288105.984215,0.5645161290322581,72.60735489289314,34.0,Fear
2025-03-13,3285591.22,962,14114.870873,0.4573804573804574,14.672422944906446,45.0,Neutral
2025-03-14,8047187.16,2210,68646.160089,0.8538461538461538,31.061610899999998,27.0,Fear
2025-03-15,2355749.54,261,78694.624572,0.5938697318007663,301.51197154022987,46.0,Neutral
2025-03-16,10187921.51,530,-7910.943544999999,0.2320754716981132,-14.926308575471696,30.0,Fear
2025-03-17,3592895.05,920,26163.906513,0.4532608695652174,28.439028818478263,32.0,Fear
2025-03-18,4050655.47,834,72322.788824,0.22541966426858512,86.71797221103118,34.0,Fear
2025-03-19,4598813.57,1612,29374.682341,0.4162531017369727,18.222507655707197,32.0,Fear
2025-03-20,1652257.93,771,10246.859436,0.4085603112840467,13.290349463035021,49.0,Neutral
2025-03-21,2543903.39,698,6951.270374,0.5,9.958840077363897,31.0,Fear
2025-03-22,971809.42,535,12498.535254,0.4747663551401869,23.361748138317758,32.0,Fear
2025-03-23,2593519.67,447,14047.421585,0.32662192393736017,31.425999071588368,30.0,Fear
2025-03-24,3017587.05,1027,107878.961301,0.6153846153846154,105.04280555111977,45.0,Neutral
2025-03-25,5372519.77,791,32030.90678,0.3615676359039191,40.49419314791403,46.0,Neutral
2025-03-26,7597754.37,3102,15802.167427,0.27111540941328177,5.094186791424887,47.0,Neutral
2025-03-27,3240279.46,785,58825.359221,0.33375796178343947,74.9367633388535,40.0,Fear
2025-03-28,1483092.61,728,21337.179335,0.3173076923076923,29.30931227335165,44.0,Fear
2025-03-29,3668151.83,1894,12098.872931,0.3558606124604013,6.38800049155227,26.0,Fear
2025-03-30,2850874.96,568,15795.11514,0.16549295774647887,27.8083013028169,32.0,Fear
2025-03-31,2164772.4699999997,495,6978.184557,0.5232323232323233,14.097342539393939,34.0,Fear
2025-04-01,704445.1900000001,192,-2202.6622420000003,0.4583333333333333,-11.472199177083334,34.0,Fear
2025-04-02,3867930.6,1076,202212.740938,0.8949814126394052,187.930056633829,44.0,Fear
2025-04-03,8670233.15,1748,-2365.961276,0.2974828375286041,-1.353524757437071,25.0,Fear
2025-04-04,3835545.73,1272,-25515.678949999998,0.38757861635220126,-20.05949602987421,28.0,Fear
2025-04-05,1267564.22,360,35907.33771,0.5805555555555556,99.74260475,30.0,Fear
2025-04-06,3551252.06,1048,47053.449272,0.31679389312977096,44.89832945801527,34.0,Fear
2025-04-07,14460253.14,2814,34527.370305,0.23916133617626156,12.269854408315563,23.0,Extreme Fear
2025-04-08,8869391.4,943,34899.394798,0.4093319194061506,37.00890222481442,24.0,Extreme Fear
2025-04-09,28556806.47,3967,43120.444797,0.43055205444920597,10.86978694151752,18.0,Extreme Fear
2025-04-10,28741953.29,2127,158261.822261,0.5289139633286318,74.40612236060178,39.0,Fear
2025-04-11,11319327.07,1096,126406.479081,0.3357664233576642,115.33437872354014,25.0,Fear
2025-04-12,55914617.49,2109,410419.694533,0.2721669037458511,194.60393292223802,43.0,Fear
2025-04-13,14171154.79,1321,48696.021521,0.3618470855412566,36.86299888039364,45.0,Neutral
2025-04-14,13079972.98,890,45680.443063,0.42247191011235957,51.32634052022472,31.0,Fear
2025-04-15,20752168.24,1131,72357.706282,0.5720601237842617,63.976751796640144,38.0,Fear
2025-04-16,36502715.9,1608,58631.730257,0.3401741293532338,36.46251881654229,29.0,Fear
2025-04-17,2604551.51,1031,5427.919886,0.30358874878758485,5.264713759456837,30.0,Fear
2025-04-18,24610650.46,1894,4880.4047439999995,0.5126715945089757,2.576771248152059,33.0,Fear
2025-04-19,32706462.71,2786,71950.577495,0.2921751615218952,25.82576363783202,32.0,Fear
2025-04-20,12126094.05,1982,25060.341936,0.3985872855701312,12.643966668012109,37.0,Fear
2025-04-21,42104054.84,1718,34369.267906999994,0.3940628637951106,20.005394590803256,39.0,Fear
2025-04-22,33753625.24,2998,58652.763578,0.2961974649766511,19.563963835223483,47.0,Neutral
2025-04-23,30682443.79,6159,-419020.225731,0.324728040266277,-68.03380836678032,72.0,Greed
2025-04-24,35088918.64,2232,50704.395965,0.4135304659498208,22.717023281810036,63.0,Greed
2025-04-25,27749455.78,1653,20218.859206,0.38596491228070173,12.231614764670297,60.0,Greed
2025-04-26,11948127.77,1131,-4125.753942,0.1724137931034483,-3.6478814694960215,65.0,Greed
2025-04-27,487537.69,337,2702.067468,0.3560830860534125,8.018004356083086,61.0,Greed
2025-04-28,26124921.49,1379,36906.813759,0.4169688179840464,26.763461754169686,54.0,Neutral
2025-04-29,34089511.66,2243,125749.613427,0.43201069995541685,56.06313572313866,60.0,Greed
2025-04-30,12693878.85,1113,14003.797269,0.26504941599281223,12.582028094339623,56.0,Greed
2025-05-01,10720240.52,1230,54536.829297000004,0.43089430894308944,44.338885607317074,53.0,Neutral
